{"samples": {"_type": "image-file", "sha256": "102305ccd6215d38638a19b8c5e7ae6f86d6028d1b54dc2cdf25509415cfabfe", "size": 536112, "path": "media/images/samples_150_102305ccd6215d38638a.jpg", "format": "jpg", "width": 1280, "height": 1024, "caption": "move the green peeler to behind the pot.; place the fork to the left of the cloth.; place the scoop on the yellow cloth.; move the squash in front of the blue fork."}, "_timestamp": 1721653438.8804827, "_runtime": 185.28740072250366, "_step": 150, "_wandb": {"runtime": 184}, "train/grad_norm": 1.6254664659500122, "train/loss": 1.365477442741394, "time/seconds_per_step": 0.8367534605662028, "train/ema_decay": 0.9990000128746033, "train/lr": 1.8624996300786734e-05, "val/loss": 1.2448946237564087, "val/loss_ema": 1.4549556970596313}