{"samples": {"_type": "image-file", "sha256": "74c3bcda387ea083a1f2512cd6774884d40588e14797ed3195b9aaaa6e069ec7", "size": 601210, "path": "media/images/samples_130_74c3bcda387ea083a1f2.jpg", "format": "jpg", "width": 1280, "height": 1024, "caption": "place the fork to the left of the cloth.; move the white object to the upper side of the left burner; move the white object to the upper side of the left burner; move the white object to the upper side of the left burner"}, "_timestamp": 1721659995.5983288, "_runtime": 175.19982481002808, "_step": 150, "_wandb": {"runtime": 173}, "train/grad_norm": 1.6125301122665405, "train/loss": 1.3656883239746094, "time/seconds_per_step": 0.8047182734807332, "train/ema_decay": 0.9990000128746033, "train/lr": 1.8624996300786734e-05}