{"samples": {"_type": "image-file", "sha256": "c55afd3e78492522ce04cf06c63630930f52c9c418f6c8078c5f2c0444674972", "size": 467624, "path": "media/images/samples_150_c55afd3e78492522ce04.jpg", "format": "jpg", "width": 1280, "height": 1024, "caption": "place the silver pot on the back left of stove; slide the yellow brush on the left stove burner above the corn.; move the squash in front of the blue fork.; move the cloth to the bottom right edge of the table"}, "_timestamp": 1721623869.9438052, "_runtime": 177.3533492088318, "_step": 150, "_wandb": {"runtime": 176}, "train/grad_norm": 1.5723470449447632, "train/loss": 1.364889144897461, "time/seconds_per_step": 0.8148404312133789, "train/ema_decay": 0.9990000128746033, "train/lr": 1.8624996300786734e-05, "val/loss": 1.2484596967697144, "val/loss_ema": 1.4537748098373413}